id,cwe,desc,method,path,expected,status,waf_action,waf_score,result,error
SQLi_login_OR,ATTACK,SQLi_login_OR,POST,/api/v1/auth/login,BLOCK,422,,,FN,
SQLi_login_DROP,ATTACK,SQLi_login_DROP,POST,/api/v1/auth/login,BLOCK,422,,,FN,
SQLi_login_UNION,ATTACK,SQLi_login_UNION,POST,/api/v1/auth/login,BLOCK,422,,,FN,
SQLi_login_admin,ATTACK,SQLi_login_admin,POST,/api/v1/auth/login,BLOCK,422,,,FN,
SQLi_clients_filter,ATTACK,SQLi_clients_filter,GET,/api/v1/clients,BLOCK,403,,,TP,
SQLi_products_filter,ATTACK,SQLi_products_filter,GET,/api/v1/products,BLOCK,403,,,TP,
SQLi_persons_find,ATTACK,SQLi_persons_find,GET,/api/v1/persons/find,BLOCK,403,,,TP,
SQLi_suppliers,ATTACK,SQLi_suppliers,GET,/api/v1/suppliers,BLOCK,403,,,TP,
SQLi_ORM_hex,ATTACK,SQLi_ORM_hex,POST,/api/v1/auth/login,BLOCK,422,,,FN,
SQLi_ORM_comment,ATTACK,SQLi_ORM_comment,GET,/api/v1/clients,BLOCK,403,,,TP,
SQLi_ORM_encode,ATTACK,SQLi_ORM_encode,GET,/api/v1/products,BLOCK,403,,,TP,
SQLi_ORM_tautology,ATTACK,SQLi_ORM_tautology,POST,/api/v1/auth/login,BLOCK,422,,,FN,
XSS_script_tag,ATTACK,XSS_script_tag,GET,/api/v1/clients,BLOCK,403,,,TP,
XSS_img_onerror,ATTACK,XSS_img_onerror,GET,/api/v1/products,BLOCK,403,,,TP,
XSS_javascript_uri,ATTACK,XSS_javascript_uri,GET,/api/v1/clients,BLOCK,403,,,TP,
XSS_iframe,ATTACK,XSS_iframe,GET,/api/v1/suppliers,BLOCK,403,,,TP,
XSS_svg,ATTACK,XSS_svg,GET,/api/v1/products,BLOCK,403,,,TP,
XSS_basic_script,ATTACK,XSS_basic_script,GET,/api/v1/inventories,BLOCK,403,,,TP,
XSS_basic_body,ATTACK,XSS_basic_body,POST,/api/v1/clients,BLOCK,401,,,FN,
XSS_basic_brands,ATTACK,XSS_basic_brands,GET,/api/v1/brands,BLOCK,403,,,TP,
XSS_attr_onerror,ATTACK,XSS_attr_onerror,GET,/api/v1/products,BLOCK,403,,,TP,
XSS_attr_onmouseover,ATTACK,XSS_attr_onmouseover,GET,/api/v1/clients,BLOCK,403,,,TP,
XSS_attr_style,ATTACK,XSS_attr_style,POST,/api/v1/clients,BLOCK,401,,,FN,
XSS_attr_href,ATTACK,XSS_attr_href,GET,/api/v1/suppliers,BLOCK,403,,,TP,
CMD_pipe,ATTACK,CMD_pipe,GET,/api/v1/persons/find,BLOCK,403,,,TP,
CMD_semicolon,ATTACK,CMD_semicolon,GET,/api/v1/persons/find,BLOCK,403,,,TP,
CMD_backtick,ATTACK,CMD_backtick,GET,/api/v1/clients,BLOCK,403,,,TP,
CMD_subshell,ATTACK,CMD_subshell,POST,/api/v1/auth/login,BLOCK,422,,,FN,
OS_upload_file,ATTACK,OS_upload_file,POST,/api/v1/repository/upload-file,BLOCK,401,,,FN,
OS_path_traversal,ATTACK,OS_path_traversal,GET,/api/v1/repository/getForClient/1,BLOCK,403,,,TP,
OS_exec_php,ATTACK,OS_exec_php,POST,/api/v1/auth/login,BLOCK,422,,,FN,
OS_shell_exec,ATTACK,OS_shell_exec,GET,/api/v1/products,BLOCK,403,,,TP,
CRLF_header_inject,ATTACK,CRLF_header_inject,GET,/api/v1/clients,BLOCK,403,,,TP,
CRLF_redirect,ATTACK,CRLF_redirect,GET,/api/v1/products,BLOCK,403,,,TP,
CRLF_cookie,ATTACK,CRLF_cookie,POST,/api/v1/auth/login,BLOCK,422,,,FN,
CRLF_split,ATTACK,CRLF_split,GET,/api/v1/suppliers,BLOCK,403,,,TP,
CLEAN_login_normal,CLEAN,CLEAN_login_normal,POST,/api/v1/auth/login,ALLOW,422,,,TN,
CLEAN_products_list,CLEAN,CLEAN_products_list,GET,/api/v1/products,ALLOW,401,,,TN,
CLEAN_clients_list,CLEAN,CLEAN_clients_list,GET,/api/v1/clients,ALLOW,401,,,TN,
CLEAN_brands_list,CLEAN,CLEAN_brands_list,GET,/api/v1/brands,ALLOW,401,,,TN,
CLEAN_categories,CLEAN,CLEAN_categories,GET,/api/v1/categories,ALLOW,401,,,TN,
CLEAN_search_normal,CLEAN,CLEAN_search_normal,GET,/api/v1/products,ALLOW,401,,,TN,
CLEAN_search_number,CLEAN,CLEAN_search_number,GET,/api/v1/clients,ALLOW,401,,,TN,
CLEAN_persons_find,CLEAN,CLEAN_persons_find,GET,/api/v1/persons/find,ALLOW,401,,,TN,
CLEAN_warehouses,CLEAN,CLEAN_warehouses,GET,/api/v1/warehouses,ALLOW,401,,,TN,
CLEAN_suppliers,CLEAN,CLEAN_suppliers,GET,/api/v1/suppliers,ALLOW,401,,,TN,
