waf_name,test_id,cwe,description,method,path,expected,actual,status_code,latency_ms,classification,error
WAF-ML,SQLI_01,CWE-89,SQLi OR tautology — POST login,POST,/api/v1/auth/login,BLOCK,BLOCK,403,7.78,TP,
ModSecurity,SQLI_01,CWE-89,SQLi OR tautology — POST login,POST,/api/v1/auth/login,BLOCK,BLOCK,403,6.08,TP,
Coraza,SQLI_01,CWE-89,SQLi OR tautology — POST login,POST,/api/v1/auth/login,BLOCK,BLOCK,403,3.62,TP,
NAXSI,SQLI_01,CWE-89,SQLi OR tautology — POST login,POST,/api/v1/auth/login,BLOCK,BLOCK,403,1.26,TP,
WAF-ML,SQLI_02,CWE-89,SQLi DROP TABLE — POST login,POST,/api/v1/auth/login,BLOCK,BLOCK,403,10.69,TP,
ModSecurity,SQLI_02,CWE-89,SQLi DROP TABLE — POST login,POST,/api/v1/auth/login,BLOCK,BLOCK,403,5.47,TP,
Coraza,SQLI_02,CWE-89,SQLi DROP TABLE — POST login,POST,/api/v1/auth/login,BLOCK,BLOCK,403,4.29,TP,
NAXSI,SQLI_02,CWE-89,SQLi DROP TABLE — POST login,POST,/api/v1/auth/login,BLOCK,BLOCK,403,1.58,TP,
WAF-ML,SQLI_03,CWE-89,SQLi UNION SELECT — POST login,POST,/api/v1/auth/login,BLOCK,BLOCK,403,6.12,TP,
ModSecurity,SQLI_03,CWE-89,SQLi UNION SELECT — POST login,POST,/api/v1/auth/login,BLOCK,BLOCK,403,4.56,TP,
Coraza,SQLI_03,CWE-89,SQLi UNION SELECT — POST login,POST,/api/v1/auth/login,BLOCK,BLOCK,403,3.92,TP,
NAXSI,SQLI_03,CWE-89,SQLi UNION SELECT — POST login,POST,/api/v1/auth/login,BLOCK,BLOCK,403,1.04,TP,
WAF-ML,SQLI_04,CWE-89,SQLi comment close — POST login,POST,/api/v1/auth/login,BLOCK,BLOCK,403,7.3,TP,
ModSecurity,SQLI_04,CWE-89,SQLi comment close — POST login,POST,/api/v1/auth/login,BLOCK,BLOCK,403,5.96,TP,
Coraza,SQLI_04,CWE-89,SQLi comment close — POST login,POST,/api/v1/auth/login,BLOCK,BLOCK,403,3.15,TP,
NAXSI,SQLI_04,CWE-89,SQLi comment close — POST login,POST,/api/v1/auth/login,BLOCK,BLOCK,403,1.07,TP,
WAF-ML,SQLI_05,CWE-89,SQLi OR true — GET products filter,GET,/api/v1/products,BLOCK,BLOCK,403,12.35,TP,
ModSecurity,SQLI_05,CWE-89,SQLi OR true — GET products filter,GET,/api/v1/products,BLOCK,BLOCK,403,3.89,TP,
Coraza,SQLI_05,CWE-89,SQLi OR true — GET products filter,GET,/api/v1/products,BLOCK,BLOCK,403,6.43,TP,
NAXSI,SQLI_05,CWE-89,SQLi OR true — GET products filter,GET,/api/v1/products,BLOCK,BLOCK,403,1.42,TP,
WAF-ML,SQLI_ORM_01,CWE-564,SQLi ORM hex encoding — POST login,POST,/api/v1/auth/login,BLOCK,BLOCK,403,13.53,TP,
ModSecurity,SQLI_ORM_01,CWE-564,SQLi ORM hex encoding — POST login,POST,/api/v1/auth/login,BLOCK,ALLOW,200,5.03,FN,
Coraza,SQLI_ORM_01,CWE-564,SQLi ORM hex encoding — POST login,POST,/api/v1/auth/login,BLOCK,ALLOW,200,3.3,FN,
NAXSI,SQLI_ORM_01,CWE-564,SQLi ORM hex encoding — POST login,POST,/api/v1/auth/login,BLOCK,ALLOW,200,2.67,FN,
WAF-ML,SQLI_ORM_02,CWE-564,SQLi ORM comment block — GET clients,GET,/api/v1/clients,BLOCK,BLOCK,403,10.56,TP,
ModSecurity,SQLI_ORM_02,CWE-564,SQLi ORM comment block — GET clients,GET,/api/v1/clients,BLOCK,BLOCK,403,3.74,TP,
Coraza,SQLI_ORM_02,CWE-564,SQLi ORM comment block — GET clients,GET,/api/v1/clients,BLOCK,BLOCK,403,4.2,TP,
NAXSI,SQLI_ORM_02,CWE-564,SQLi ORM comment block — GET clients,GET,/api/v1/clients,BLOCK,BLOCK,403,1.11,TP,
WAF-ML,XSS_REF_01,CWE-79,XSS script tag — GET clients,GET,/api/v1/clients,BLOCK,BLOCK,403,7.22,TP,
ModSecurity,XSS_REF_01,CWE-79,XSS script tag — GET clients,GET,/api/v1/clients,BLOCK,BLOCK,403,5.09,TP,
Coraza,XSS_REF_01,CWE-79,XSS script tag — GET clients,GET,/api/v1/clients,BLOCK,BLOCK,403,3.18,TP,
NAXSI,XSS_REF_01,CWE-79,XSS script tag — GET clients,GET,/api/v1/clients,BLOCK,BLOCK,403,1.13,TP,
WAF-ML,XSS_REF_02,CWE-79,XSS img onerror — GET products,GET,/api/v1/products,BLOCK,BLOCK,403,13.2,TP,
ModSecurity,XSS_REF_02,CWE-79,XSS img onerror — GET products,GET,/api/v1/products,BLOCK,BLOCK,403,3.96,TP,
Coraza,XSS_REF_02,CWE-79,XSS img onerror — GET products,GET,/api/v1/products,BLOCK,BLOCK,403,3.71,TP,
NAXSI,XSS_REF_02,CWE-79,XSS img onerror — GET products,GET,/api/v1/products,BLOCK,BLOCK,403,1.24,TP,
WAF-ML,XSS_REF_03,CWE-79,XSS javascript URI — GET clients,GET,/api/v1/clients,BLOCK,BLOCK,403,5.92,TP,
ModSecurity,XSS_REF_03,CWE-79,XSS javascript URI — GET clients,GET,/api/v1/clients,BLOCK,BLOCK,403,3.54,TP,
Coraza,XSS_REF_03,CWE-79,XSS javascript URI — GET clients,GET,/api/v1/clients,BLOCK,BLOCK,403,3.29,TP,
NAXSI,XSS_REF_03,CWE-79,XSS javascript URI — GET clients,GET,/api/v1/clients,BLOCK,BLOCK,403,1.09,TP,
WAF-ML,XSS_ATTR_01,CWE-83,XSS attr onerror — GET products,GET,/api/v1/products,BLOCK,BLOCK,403,16.42,TP,
ModSecurity,XSS_ATTR_01,CWE-83,XSS attr onerror — GET products,GET,/api/v1/products,BLOCK,BLOCK,403,3.49,TP,
Coraza,XSS_ATTR_01,CWE-83,XSS attr onerror — GET products,GET,/api/v1/products,BLOCK,BLOCK,403,2.69,TP,
NAXSI,XSS_ATTR_01,CWE-83,XSS attr onerror — GET products,GET,/api/v1/products,BLOCK,BLOCK,403,1.2,TP,
WAF-ML,XSS_ATTR_02,CWE-83,XSS body with onmouseover — POST clients,POST,/api/v1/clients,BLOCK,BLOCK,403,12.26,TP,
ModSecurity,XSS_ATTR_02,CWE-83,XSS body with onmouseover — POST clients,POST,/api/v1/clients,BLOCK,BLOCK,403,3.8,TP,
Coraza,XSS_ATTR_02,CWE-83,XSS body with onmouseover — POST clients,POST,/api/v1/clients,BLOCK,BLOCK,403,3.89,TP,
NAXSI,XSS_ATTR_02,CWE-83,XSS body with onmouseover — POST clients,POST,/api/v1/clients,BLOCK,BLOCK,403,1.42,TP,
WAF-ML,XSS_SVG_01,CWE-80,XSS svg onload — GET products,GET,/api/v1/products,BLOCK,BLOCK,403,6.36,TP,
ModSecurity,XSS_SVG_01,CWE-80,XSS svg onload — GET products,GET,/api/v1/products,BLOCK,BLOCK,403,3.51,TP,
Coraza,XSS_SVG_01,CWE-80,XSS svg onload — GET products,GET,/api/v1/products,BLOCK,BLOCK,403,3.51,TP,
NAXSI,XSS_SVG_01,CWE-80,XSS svg onload — GET products,GET,/api/v1/products,BLOCK,BLOCK,403,1.17,TP,
WAF-ML,CMD_01,CWE-77,CMD pipe in document — GET persons,GET,/api/v1/persons/find,BLOCK,BLOCK,403,6.61,TP,
ModSecurity,CMD_01,CWE-77,CMD pipe in document — GET persons,GET,/api/v1/persons/find,BLOCK,BLOCK,403,3.42,TP,
Coraza,CMD_01,CWE-77,CMD pipe in document — GET persons,GET,/api/v1/persons/find,BLOCK,BLOCK,403,3.79,TP,
NAXSI,CMD_01,CWE-77,CMD pipe in document — GET persons,GET,/api/v1/persons/find,BLOCK,BLOCK,403,1.04,TP,
WAF-ML,CMD_02,CWE-77,CMD backtick — GET clients,GET,/api/v1/clients,BLOCK,BLOCK,403,6.02,TP,
ModSecurity,CMD_02,CWE-77,CMD backtick — GET clients,GET,/api/v1/clients,BLOCK,ALLOW,200,3.59,FN,
Coraza,CMD_02,CWE-77,CMD backtick — GET clients,GET,/api/v1/clients,BLOCK,ALLOW,200,2.84,FN,
NAXSI,CMD_02,CWE-77,CMD backtick — GET clients,GET,/api/v1/clients,BLOCK,BLOCK,403,1.24,TP,
WAF-ML,CMD_OS_01,CWE-78,CMD subshell whoami — POST login,POST,/api/v1/auth/login,BLOCK,BLOCK,403,6.25,TP,
ModSecurity,CMD_OS_01,CWE-78,CMD subshell whoami — POST login,POST,/api/v1/auth/login,BLOCK,BLOCK,403,4.97,TP,
Coraza,CMD_OS_01,CWE-78,CMD subshell whoami — POST login,POST,/api/v1/auth/login,BLOCK,BLOCK,403,4.64,TP,
NAXSI,CMD_OS_01,CWE-78,CMD subshell whoami — POST login,POST,/api/v1/auth/login,BLOCK,BLOCK,403,1.29,TP,
WAF-ML,CMD_OS_02,CWE-78,CMD exec php — POST login,POST,/api/v1/auth/login,BLOCK,LOG,200,9.34,TP,
ModSecurity,CMD_OS_02,CWE-78,CMD exec php — POST login,POST,/api/v1/auth/login,BLOCK,BLOCK,403,5.34,TP,
Coraza,CMD_OS_02,CWE-78,CMD exec php — POST login,POST,/api/v1/auth/login,BLOCK,BLOCK,403,3.31,TP,
NAXSI,CMD_OS_02,CWE-78,CMD exec php — POST login,POST,/api/v1/auth/login,BLOCK,BLOCK,403,1.47,TP,
WAF-ML,PATH_01,CWE-98,Path traversal passwd — GET repo,GET,/api/v1/repository/getForClient/1,BLOCK,BLOCK,403,6.77,TP,
ModSecurity,PATH_01,CWE-98,Path traversal passwd — GET repo,GET,/api/v1/repository/getForClient/1,BLOCK,BLOCK,403,4.49,TP,
Coraza,PATH_01,CWE-98,Path traversal passwd — GET repo,GET,/api/v1/repository/getForClient/1,BLOCK,BLOCK,403,2.71,TP,
NAXSI,PATH_01,CWE-98,Path traversal passwd — GET repo,GET,/api/v1/repository/getForClient/1,BLOCK,BLOCK,403,1.25,TP,
WAF-ML,PATH_02,CWE-98,Path traversal upload — POST repo,POST,/api/v1/repository/upload-file,BLOCK,BLOCK,403,12.7,TP,
ModSecurity,PATH_02,CWE-98,Path traversal upload — POST repo,POST,/api/v1/repository/upload-file,BLOCK,BLOCK,403,5.44,TP,
Coraza,PATH_02,CWE-98,Path traversal upload — POST repo,POST,/api/v1/repository/upload-file,BLOCK,BLOCK,403,3.14,TP,
NAXSI,PATH_02,CWE-98,Path traversal upload — POST repo,POST,/api/v1/repository/upload-file,BLOCK,BLOCK,403,1.46,TP,
WAF-ML,CRLF_01,CWE-93,CRLF header injection — GET clients,GET,/api/v1/clients,BLOCK,BLOCK,403,6.18,TP,
ModSecurity,CRLF_01,CWE-93,CRLF header injection — GET clients,GET,/api/v1/clients,BLOCK,ALLOW,200,3.94,FN,
Coraza,CRLF_01,CWE-93,CRLF header injection — GET clients,GET,/api/v1/clients,BLOCK,ALLOW,200,2.74,FN,
NAXSI,CRLF_01,CWE-93,CRLF header injection — GET clients,GET,/api/v1/clients,BLOCK,BLOCK,403,0.98,TP,
WAF-ML,CRLF_02,CWE-93,CRLF Set-Cookie — POST login,POST,/api/v1/auth/login,BLOCK,BLOCK,403,11.71,TP,
ModSecurity,CRLF_02,CWE-93,CRLF Set-Cookie — POST login,POST,/api/v1/auth/login,BLOCK,BLOCK,403,4.89,TP,
Coraza,CRLF_02,CWE-93,CRLF Set-Cookie — POST login,POST,/api/v1/auth/login,BLOCK,BLOCK,403,3.33,TP,
NAXSI,CRLF_02,CWE-93,CRLF Set-Cookie — POST login,POST,/api/v1/auth/login,BLOCK,BLOCK,403,1.01,TP,
WAF-ML,CLEAN_01,CLEAN,Login with special chars in password,POST,/api/v1/auth/login,ALLOW,ALLOW,200,10.42,TN,
ModSecurity,CLEAN_01,CLEAN,Login with special chars in password,POST,/api/v1/auth/login,ALLOW,ALLOW,200,5.44,TN,
Coraza,CLEAN_01,CLEAN,Login with special chars in password,POST,/api/v1/auth/login,ALLOW,ALLOW,200,3.77,TN,
NAXSI,CLEAN_01,CLEAN,Login with special chars in password,POST,/api/v1/auth/login,ALLOW,ALLOW,200,1.73,TN,
WAF-ML,CLEAN_02,CLEAN,Search with apostrophe in value,GET,/api/v1/products,ALLOW,BLOCK,403,6.07,FP,
ModSecurity,CLEAN_02,CLEAN,Search with apostrophe in value,GET,/api/v1/products,ALLOW,ALLOW,200,3.45,TN,
Coraza,CLEAN_02,CLEAN,Search with apostrophe in value,GET,/api/v1/products,ALLOW,ALLOW,200,3.22,TN,
NAXSI,CLEAN_02,CLEAN,Search with apostrophe in value,GET,/api/v1/products,ALLOW,ALLOW,200,1.5,TN,
WAF-ML,CLEAN_03,CLEAN,Numeric params pagination,GET,/api/v1/products,ALLOW,ALLOW,200,5.88,TN,
ModSecurity,CLEAN_03,CLEAN,Numeric params pagination,GET,/api/v1/products,ALLOW,ALLOW,200,4.44,TN,
Coraza,CLEAN_03,CLEAN,Numeric params pagination,GET,/api/v1/products,ALLOW,ALLOW,200,4.2,TN,
NAXSI,CLEAN_03,CLEAN,Numeric params pagination,GET,/api/v1/products,ALLOW,ALLOW,200,1.55,TN,
WAF-ML,CLEAN_04,CLEAN,JSON body POST,POST,/api/v1/auth/login,ALLOW,ALLOW,200,8.06,TN,
ModSecurity,CLEAN_04,CLEAN,JSON body POST,POST,/api/v1/auth/login,ALLOW,ALLOW,200,4.47,TN,
Coraza,CLEAN_04,CLEAN,JSON body POST,POST,/api/v1/auth/login,ALLOW,ALLOW,200,3.03,TN,
NAXSI,CLEAN_04,CLEAN,JSON body POST,POST,/api/v1/auth/login,ALLOW,BLOCK,403,1.04,FP,
WAF-ML,CLEAN_05,CLEAN,Chrome User-Agent header,GET,/api/v1/products,ALLOW,ALLOW,200,6.61,TN,
ModSecurity,CLEAN_05,CLEAN,Chrome User-Agent header,GET,/api/v1/products,ALLOW,ALLOW,200,3.93,TN,
Coraza,CLEAN_05,CLEAN,Chrome User-Agent header,GET,/api/v1/products,ALLOW,ALLOW,200,3.14,TN,
NAXSI,CLEAN_05,CLEAN,Chrome User-Agent header,GET,/api/v1/products,ALLOW,ALLOW,200,1.24,TN,
WAF-ML,CLEAN_06,CLEAN,GET products list (no params),GET,/api/v1/products,ALLOW,ALLOW,200,6.25,TN,
ModSecurity,CLEAN_06,CLEAN,GET products list (no params),GET,/api/v1/products,ALLOW,ALLOW,200,2.78,TN,
Coraza,CLEAN_06,CLEAN,GET products list (no params),GET,/api/v1/products,ALLOW,ALLOW,200,3.14,TN,
NAXSI,CLEAN_06,CLEAN,GET products list (no params),GET,/api/v1/products,ALLOW,ALLOW,200,1.45,TN,
WAF-ML,CLEAN_07,CLEAN,GET clients list (no params),GET,/api/v1/clients,ALLOW,ALLOW,200,7.66,TN,
ModSecurity,CLEAN_07,CLEAN,GET clients list (no params),GET,/api/v1/clients,ALLOW,ALLOW,200,3.01,TN,
Coraza,CLEAN_07,CLEAN,GET clients list (no params),GET,/api/v1/clients,ALLOW,ALLOW,200,2.29,TN,
NAXSI,CLEAN_07,CLEAN,GET clients list (no params),GET,/api/v1/clients,ALLOW,ALLOW,200,1.2,TN,
WAF-ML,CLEAN_08,CLEAN,GET products search (normal word),GET,/api/v1/products,ALLOW,ALLOW,200,7.17,TN,
ModSecurity,CLEAN_08,CLEAN,GET products search (normal word),GET,/api/v1/products,ALLOW,ALLOW,200,4.24,TN,
Coraza,CLEAN_08,CLEAN,GET products search (normal word),GET,/api/v1/products,ALLOW,ALLOW,200,3.02,TN,
NAXSI,CLEAN_08,CLEAN,GET products search (normal word),GET,/api/v1/products,ALLOW,ALLOW,200,3.64,TN,
WAF-ML,CLEAN_09,CLEAN,GET persons find (numeric doc),GET,/api/v1/persons/find,ALLOW,ALLOW,200,11.98,TN,
ModSecurity,CLEAN_09,CLEAN,GET persons find (numeric doc),GET,/api/v1/persons/find,ALLOW,ALLOW,200,3.24,TN,
Coraza,CLEAN_09,CLEAN,GET persons find (numeric doc),GET,/api/v1/persons/find,ALLOW,ALLOW,200,2.69,TN,
NAXSI,CLEAN_09,CLEAN,GET persons find (numeric doc),GET,/api/v1/persons/find,ALLOW,ALLOW,200,1.38,TN,
WAF-ML,CLEAN_10,CLEAN,GET brands list,GET,/api/v1/brands,ALLOW,ALLOW,200,6.02,TN,
ModSecurity,CLEAN_10,CLEAN,GET brands list,GET,/api/v1/brands,ALLOW,ALLOW,200,2.86,TN,
Coraza,CLEAN_10,CLEAN,GET brands list,GET,/api/v1/brands,ALLOW,ALLOW,200,4.98,TN,
NAXSI,CLEAN_10,CLEAN,GET brands list,GET,/api/v1/brands,ALLOW,ALLOW,200,1.67,TN,
